id,first_name,last_name,email,gender,ip_address
1,Clayton,Kubacek,ckubacek0@redcross.org,Male,19.186.152.134
2,Emalee,Jeafferson,ejeafferson1@simplemachines.org,Female,139.190.160.229
3,Wesley,Aulsford,waulsford2@toplist.cz,Male,152.7.101.23
4,Kelley,Mingasson,kmingasson3@creativecommons.org,Female,204.18.145.254
5,Orran,Brick,obrick4@reuters.com,Male,103.92.54.7
6,Calhoun,Master,cmaster5@amazon.de,Male,236.217.83.104
7,Krisha,Woofinden,kwoofinden6@twitpic.com,Male,137.7.133.203
8,Christyna,Ferronier,cferronier7@phoca.cz,Female,153.85.83.29
9,Cary,Mourge,cmourge8@craigslist.org,Male,103.152.182.36
10,Gianina,Scaplehorn,gscaplehorn9@gnu.org,Genderqueer,51.118.255.41
11,Jena,McNelis,jmcnelisa@fc2.com,Female,133.64.80.193
12,Dinny,Plank,dplankb@creativecommons.org,Female,17.76.29.185
13,Dew,Dundendale,ddundendalec@prweb.com,Male,116.62.218.133
14,Leonhard,Kells,lkellsd@earthlink.net,Male,52.188.247.169
15,Karel,Lightowlers,klightowlerse@edublogs.org,Male,78.235.115.211
16,Kendall,Dawidsohn,kdawidsohnf@hatena.ne.jp,Male,243.57.160.140
17,Stoddard,Byres,sbyresg@whitehouse.gov,Female,182.161.28.125
18,Annice,MacGuigan,amacguiganh@ibm.com,Female,242.122.100.135
19,Glennis,Heaker,gheakeri@skype.com,Female,177.66.142.85
20,Jamill,Livingstone,jlivingstonej@macromedia.com,Male,32.207.69.13
21,Lothaire,Willeman,lwillemank@si.edu,Male,26.77.97.146
22,Bald,Cosson,bcossonl@ucla.edu,Male,125.47.206.59
23,Aggy,Barhems,abarhemsm@businessinsider.com,Female,239.47.167.95
24,Rudie,Rayment,rraymentn@parallels.com,Polygender,71.236.106.204
25,Pembroke,Suero,psueroo@geocities.com,Male,240.8.150.47
26,Sarah,Guy,sguyp@npr.org,Bigender,30.166.144.147
27,Dehlia,Maddrah,dmaddrahq@cam.ac.uk,Agender,69.57.151.152
28,Abby,Lovie,alovier@cocolog-nifty.com,Female,80.239.15.30
29,Vernor,Power,vpowers@edublogs.org,Male,35.171.250.22
30,Lois,Fiddian,lfiddiant@nbcnews.com,Non-binary,72.177.191.7
31,Fletch,Renault,frenaultu@cnbc.com,Male,99.59.94.101
32,Sebastien,Slym,sslymv@bbb.org,Male,26.129.80.228
33,Teddie,McDermot,tmcdermotw@scribd.com,Female,74.114.171.19
34,Brande,Kenwyn,bkenwynx@omniture.com,Female,25.220.215.70
35,Donnie,Narrie,dnarriey@qq.com,Male,221.47.191.87
36,Edin,Daughtrey,edaughtreyz@oracle.com,Female,67.246.157.143
37,Nigel,Whiskerd,nwhiskerd10@about.me,Male,157.73.145.187
38,Lenna,Taberner,ltaberner11@wix.com,Polygender,182.20.105.158
39,Hilario,Dosdell,hdosdell12@huffingtonpost.com,Male,49.211.45.47
40,Dieter,Simeonov,dsimeonov13@businessweek.com,Male,28.26.181.130
41,Meggy,Rougier,mrougier14@bbc.co.uk,Female,230.55.157.152
42,Nilson,Cescon,ncescon15@i2i.jp,Male,82.189.101.159
43,Amalee,Snodin,asnodin16@statcounter.com,Female,190.30.4.63
44,Garv,Glassard,gglassard17@rambler.ru,Male,137.131.17.13
45,Hope,Josifovitz,hjosifovitz18@amazon.co.uk,Female,4.232.224.143
46,Costanza,Lerwell,clerwell19@mozilla.com,Female,85.139.250.169
47,Bekki,Murrigan,bmurrigan1a@google.ca,Female,159.27.34.230
48,Immanuel,Coston,icoston1b@home.pl,Male,235.114.120.16
49,Elisa,Woolvett,ewoolvett1c@simplemachines.org,Female,158.35.13.92
50,Urbano,Postle,upostle1d@hubpages.com,Male,62.90.133.107
51,Willie,Lesmonde,wlesmonde1e@usatoday.com,Male,226.94.44.24
52,Elie,Rothman,erothman1f@creativecommons.org,Female,81.107.185.61
53,Orv,Evreux,oevreux1g@php.net,Genderqueer,115.244.164.124
54,Hollis,Roizin,hroizin1h@google.com.au,Male,21.197.201.111
55,Ignacio,Meriguet,imeriguet1i@google.com,Male,84.218.133.217
56,Asher,Fewell,afewell1j@imdb.com,Male,39.38.175.143
57,Nataniel,Truelock,ntruelock1k@yandex.ru,Male,201.10.49.115
58,Fran,Hazelden,fhazelden1l@arstechnica.com,Female,68.195.164.27
59,Adriano,Doberer,adoberer1m@nationalgeographic.com,Male,76.8.168.79
60,Wallis,L'Amie,wlamie1n@arizona.edu,Female,45.227.190.230
61,Dennison,Cumo,dcumo1o@gravatar.com,Male,85.203.106.48
62,Karola,Reims,kreims1p@eventbrite.com,Female,248.168.57.144
63,Indira,Gauvin,igauvin1q@google.it,Agender,225.134.12.10
64,Hube,Loidl,hloidl1r@ask.com,Male,130.127.30.211
65,Jeth,Tester,jtester1s@cloudflare.com,Male,10.123.43.251
66,Vikky,Abbets,vabbets1t@rakuten.co.jp,Female,44.38.201.90
67,Julius,Gionettitti,jgionettitti1u@abc.net.au,Male,4.61.225.89
68,Michal,Shrimptone,mshrimptone1v@indiatimes.com,Male,220.239.144.124
69,Georgine,Greenslade,ggreenslade1w@scientificamerican.com,Female,55.73.165.80
70,Dorette,Ingleby,dingleby1x@craigslist.org,Female,141.191.71.12
71,Francklin,Minchell,fminchell1y@cafepress.com,Male,90.61.246.207
72,Tilda,Kulis,tkulis1z@desdev.cn,Female,200.146.220.13
73,Jobye,Inkpin,jinkpin20@nytimes.com,Female,64.53.61.94
74,Rosita,Wolfenden,rwolfenden21@mail.ru,Female,88.218.234.120
75,Roobbie,Brear,rbrear22@apache.org,Female,0.52.155.183
76,Clarance,Renoden,crenoden23@abc.net.au,Male,162.50.213.236
77,Rachelle,Trenaman,rtrenaman24@alexa.com,Female,73.39.62.59
78,Marlyn,Vakhrushev,mvakhrushev25@so-net.ne.jp,Non-binary,146.145.198.230
79,Osbourn,Clutram,oclutram26@tripadvisor.com,Male,139.101.227.160
80,Latashia,O'Calleran,localleran27@free.fr,Female,70.175.89.158
81,Rebeca,Dundon,rdundon28@independent.co.uk,Female,98.234.152.66
82,Brien,Kensett,bkensett29@kickstarter.com,Male,7.49.117.74
83,Susanne,Pepperd,spepperd2a@shop-pro.jp,Polygender,135.133.38.38
84,Nico,Dunk,ndunk2b@privacy.gov.au,Male,18.96.60.82
85,Jarrod,Rysdale,jrysdale2c@engadget.com,Male,45.228.162.182
86,Harriot,Huleatt,hhuleatt2d@bluehost.com,Female,215.178.71.106
87,Shayne,Steketee,ssteketee2e@psu.edu,Female,18.86.140.11
88,Becka,Hyne,bhyne2f@google.com,Female,169.14.228.112
89,Annis,Risebarer,arisebarer2g@rakuten.co.jp,Female,139.24.101.89
90,Vanya,Swaine,vswaine2h@vistaprint.com,Male,176.178.139.44
91,Emlyn,Egdal,eegdal2i@moonfruit.com,Male,252.197.66.154
92,Ninette,Boyington,nboyington2j@sitemeter.com,Female,120.127.165.130
93,Theodor,Aizikowitz,taizikowitz2k@wikia.com,Male,114.108.76.163
94,Debra,Jandel,djandel2l@princeton.edu,Female,23.119.92.104
95,Aldon,Bollini,abollini2m@unc.edu,Male,141.81.57.104
96,Alexia,Willetts,awilletts2n@dell.com,Female,131.86.11.44
97,Daffy,Sueter,dsueter2o@sun.com,Agender,49.56.161.135
98,Una,Eykelbosch,ueykelbosch2p@g.co,Bigender,63.8.171.55
99,Bart,Trodler,btrodler2q@fotki.com,Male,62.214.209.132
100,Davide,Rigg,drigg2r@unesco.org,Male,187.105.130.169
101,Dreddy,Hyndley,dhyndley2s@t-online.de,Female,236.136.67.193
102,Dani,Bahia,dbahia2t@mtv.com,Female,204.36.42.58
103,Pauly,Pyser,ppyser2u@guardian.co.uk,Polygender,135.254.179.252
104,Ulrica,Brightey,ubrightey2v@examiner.com,Female,168.75.116.87
105,Melinde,Callard,mcallard2w@unesco.org,Female,64.113.251.104
106,Wiatt,Damiata,wdamiata2x@squarespace.com,Male,226.125.96.115
107,Debby,Janata,djanata2y@sfgate.com,Female,114.165.171.71
108,Sunny,Seifert,sseifert2z@wsj.com,Female,246.155.168.6
109,Olin,Mattersley,omattersley30@ameblo.jp,Male,45.232.68.205
110,Shaylyn,Barcroft,sbarcroft31@mozilla.org,Female,95.208.51.24
111,Fitz,Gifford,fgifford32@fotki.com,Male,10.126.131.197
112,Idette,Burnage,iburnage33@dedecms.com,Female,180.244.28.61
113,Kristyn,Downe,kdowne34@businesswire.com,Female,199.118.148.22
114,Trude,Sabatini,tsabatini35@imgur.com,Female,213.86.11.190
115,Anni,Goldine,agoldine36@patch.com,Female,13.182.203.58
116,Barrie,Espadater,bespadater37@alibaba.com,Bigender,62.249.145.11
117,Ike,Elliott,ielliott38@edublogs.org,Male,115.148.155.49
118,Ludovika,Berkowitz,lberkowitz39@meetup.com,Female,31.25.94.145
119,Corbie,Yankov,cyankov3a@fotki.com,Male,182.246.64.98
120,Derek,Pearsey,dpearsey3b@merriam-webster.com,Male,106.175.230.178
121,Reube,Gavaran,rgavaran3c@smugmug.com,Male,204.76.149.213
122,Alida,Rollings,arollings3d@facebook.com,Female,88.210.99.31
123,Emmit,Garlic,egarlic3e@forbes.com,Male,143.83.74.52
124,Alfons,Caw,acaw3f@over-blog.com,Genderqueer,11.171.240.89
125,Lilia,Scahill,lscahill3g@bravesites.com,Female,37.67.171.253
126,Emmalyn,Nockolds,enockolds3h@example.com,Female,118.53.79.227
127,Lindsay,Deftie,ldeftie3i@independent.co.uk,Male,1.84.55.15
128,Marietta,Garnsworthy,mgarnsworthy3j@zimbio.com,Male,110.154.55.17
129,Yorgo,Parrington,yparrington3k@irs.gov,Male,47.217.238.137
130,Carrol,Kryszkiecicz,ckryszkiecicz3l@freewebs.com,Male,249.64.77.128
131,Shawn,Bontoft,sbontoft3m@baidu.com,Male,117.199.42.119
132,Veronique,Guerriero,vguerriero3n@youtu.be,Female,164.177.71.110
133,Dawna,Robilart,drobilart3o@fotki.com,Female,109.178.125.48
134,Quincey,Rack,qrack3p@issuu.com,Non-binary,205.138.117.72
135,Lorne,Rylstone,lrylstone3q@moonfruit.com,Female,109.252.152.191
136,Maxi,Simon,msimon3r@csmonitor.com,Female,52.60.127.119
137,Nelle,Crone,ncrone3s@free.fr,Female,160.212.84.234
138,Albertine,Shawcroft,ashawcroft3t@ask.com,Female,96.153.100.189
139,Sergio,Dorracott,sdorracott3u@dailymotion.com,Male,136.38.203.115
140,Sara-ann,Cejka,scejka3v@slate.com,Female,207.12.118.175
141,Roscoe,Pentelow,rpentelow3w@census.gov,Male,152.150.90.57
142,Juliann,Camble,jcamble3x@slideshare.net,Female,226.102.115.50
143,Barde,Riddoch,briddoch3y@acquirethisname.com,Male,157.44.63.94
144,Ilysa,Heisham,iheisham3z@de.vu,Female,86.218.161.76
145,Augusto,Houston,ahouston40@yolasite.com,Male,77.127.61.155
146,Judith,Adcocks,jadcocks41@irs.gov,Female,3.186.204.65
147,Fey,Dodworth,fdodworth42@facebook.com,Agender,240.87.10.149
148,Jsandye,Elton,jelton43@gizmodo.com,Female,96.232.155.204
149,Hunfredo,McCritchie,hmccritchie44@squarespace.com,Male,244.155.225.25
150,Carlotta,Carah,ccarah45@walmart.com,Agender,241.72.163.213
151,Eve,Sansome,esansome46@altervista.org,Female,65.121.90.186
152,Quint,Guitel,qguitel47@youtu.be,Male,189.40.229.190
153,Enrichetta,Lilley,elilley48@icq.com,Female,120.86.175.192
154,Corenda,Redit,credit49@paypal.com,Female,107.157.9.210
155,Hillyer,Armell,harmell4a@wordpress.org,Male,68.23.219.233
156,Nariko,Gadie,ngadie4b@macromedia.com,Agender,135.141.208.60
157,Anne,Lyver,alyver4c@sakura.ne.jp,Female,1.121.115.109
158,Karlene,O'Brollachain,kobrollachain4d@shop-pro.jp,Female,4.17.169.28
159,Lisetta,Longega,llongega4e@noaa.gov,Female,22.211.98.40
160,Augustine,Ellacombe,aellacombe4f@cnn.com,Male,197.249.173.206
161,Dottie,Handrick,dhandrick4g@google.de,Female,217.213.92.110
162,Byrle,Wytchard,bwytchard4h@51.la,Male,104.64.95.141
163,Fifi,Troctor,ftroctor4i@prweb.com,Female,149.18.8.65
164,Callean,Espine,cespine4j@devhub.com,Male,185.229.175.107
165,Elie,Ryburn,eryburn4k@webnode.com,Female,214.101.182.111
166,Haze,Fair,hfair4l@independent.co.uk,Male,153.154.251.137
167,Rockwell,Hinckley,rhinckley4m@microsoft.com,Male,222.163.227.28
168,Heidie,McAviy,hmcaviy4n@engadget.com,Female,23.162.134.90
169,Anastasie,Blannin,ablannin4o@mail.ru,Polygender,177.103.63.248
170,Price,Gierth,pgierth4p@amazon.co.jp,Male,222.211.120.114
171,Prent,Engall,pengall4q@printfriendly.com,Male,23.45.239.51
172,Jackie,Mungham,jmungham4r@feedburner.com,Male,214.159.109.140
173,Winne,Gluyas,wgluyas4s@netvibes.com,Female,82.46.41.8
174,Barnabas,Sandyfirth,bsandyfirth4t@dedecms.com,Male,79.126.123.186
175,Gayle,Lemm,glemm4u@dyndns.org,Male,91.30.238.213
176,Linnell,Dodds,ldodds4v@yolasite.com,Female,40.137.114.80
177,Cordell,Crosetto,ccrosetto4w@google.es,Male,194.128.160.96
178,Blondie,Maciejak,bmaciejak4x@github.io,Female,122.236.25.30
179,Rhianna,Varah,rvarah4y@sciencedirect.com,Agender,53.219.112.100
180,Shelby,Fonte,sfonte4z@1688.com,Female,148.138.52.162
181,Lyda,Tossell,ltossell50@e-recht24.de,Female,65.178.8.48
182,Perle,Coil,pcoil51@miibeian.gov.cn,Female,182.196.23.166
183,Mariya,Baress,mbaress52@wordpress.org,Female,106.239.122.115
184,Letizia,Sandercock,lsandercock53@cbslocal.com,Female,222.227.76.250
185,Jsandye,Duncklee,jduncklee54@bbb.org,Female,33.77.231.46
186,Benedikt,Charte,bcharte55@abc.net.au,Male,234.126.176.59
187,Ellyn,Kersting,ekersting56@amazon.de,Female,89.119.48.2
188,Imogen,Dresche,idresche57@printfriendly.com,Agender,38.230.178.176
189,Maryanna,Grinov,mgrinov58@over-blog.com,Female,141.244.161.33
190,Forester,Turmel,fturmel59@ustream.tv,Male,68.132.226.75
191,Jeramey,Grishagin,jgrishagin5a@umich.edu,Male,224.94.125.25
192,Say,Avann,savann5b@cnbc.com,Male,236.61.246.200
193,Concettina,Nellies,cnellies5c@uol.com.br,Bigender,227.43.16.193
194,Isiahi,Labbey,ilabbey5d@homestead.com,Male,170.243.99.185
195,Brynna,Charity,bcharity5e@msu.edu,Female,38.252.118.174
196,Templeton,Cordaroy,tcordaroy5f@cloudflare.com,Male,144.230.76.225
197,Madelon,Raddin,mraddin5g@bing.com,Female,124.197.144.102
198,Mil,Whitland,mwhitland5h@github.com,Female,237.221.199.155
199,Rory,Caban,rcaban5i@free.fr,Female,144.171.29.37
200,Dalton,Binney,dbinney5j@a8.net,Male,45.103.233.227
201,Wallas,Giorgini,wgiorgini5k@angelfire.com,Male,20.223.240.31
202,Miranda,Masarrat,mmasarrat5l@live.com,Female,127.169.27.136
203,Kathye,Brockest,kbrockest5m@themeforest.net,Female,76.15.94.206
204,Hayes,Cawker,hcawker5n@feedburner.com,Male,48.6.48.31
205,Shena,Gottschalk,sgottschalk5o@samsung.com,Female,37.152.7.32
206,Wit,Rabjohn,wrabjohn5p@cam.ac.uk,Male,160.31.49.168
207,Edin,Hailston,ehailston5q@google.it,Female,189.180.240.230
208,Lisette,Lisciardelli,llisciardelli5r@google.ca,Genderfluid,184.194.105.87
209,Gualterio,Manlow,gmanlow5s@sohu.com,Male,39.247.207.222
210,Stanly,Hitschke,shitschke5t@soup.io,Male,251.89.112.122
211,Elie,Pithcock,epithcock5u@intel.com,Female,203.61.46.152
212,Mariele,Rickis,mrickis5v@homestead.com,Female,168.242.54.138
213,Zedekiah,Gorce,zgorce5w@tamu.edu,Male,114.45.242.175
214,Ethan,Cooling,ecooling5x@posterous.com,Male,245.6.232.28
215,Lydon,Rennolds,lrennolds5y@acquirethisname.com,Male,41.47.197.81
216,Davina,Giannoni,dgiannoni5z@amazon.com,Female,161.35.221.238
217,Francois,Filyushkin,ffilyushkin60@pbs.org,Male,101.246.253.225
218,Bradly,Ribbon,bribbon61@mtv.com,Non-binary,235.65.126.235
219,Elinor,Pavier,epavier62@webmd.com,Female,59.8.132.43
220,Karlie,Grieve,kgrieve63@rambler.ru,Female,41.116.24.35
221,Conan,Fossick,cfossick64@icio.us,Male,155.25.84.85
222,Gearard,Aingell,gaingell65@sina.com.cn,Male,253.115.221.249
223,Stillman,Dumbrall,sdumbrall66@squarespace.com,Male,35.33.251.24
224,Pepillo,Kluger,pkluger67@arstechnica.com,Male,221.228.140.250
225,Gustav,Iowarch,giowarch68@state.tx.us,Male,5.101.109.134
226,Kelci,Ateridge,kateridge69@meetup.com,Female,244.76.155.14
227,Abraham,Crockford,acrockford6a@cocolog-nifty.com,Male,142.162.34.225
228,Ainslee,Amery,aamery6b@simplemachines.org,Female,26.67.66.97
229,Barney,Simmank,bsimmank6c@google.cn,Male,163.133.202.10
230,Spencer,Rutledge,srutledge6d@xing.com,Male,179.141.135.115
231,Kasper,de Vaen,kdevaen6e@sbwire.com,Male,215.150.237.83
232,Aldous,Orthmann,aorthmann6f@hatena.ne.jp,Male,108.35.148.119
233,Gabrielle,Audley,gaudley6g@moonfruit.com,Female,193.233.153.200
234,Helen,Frostick,hfrostick6h@economist.com,Female,77.144.53.189
235,Arabel,Allenby,aallenby6i@opensource.org,Female,20.15.88.127
236,Patsy,Tetford,ptetford6j@dailymotion.com,Male,60.24.72.164
237,Paten,Upfold,pupfold6k@mashable.com,Male,178.226.154.88
238,Matthew,Balham,mbalham6l@mayoclinic.com,Male,235.195.170.169
239,Isiahi,Stiff,istiff6m@mapy.cz,Male,132.150.126.237
240,Helenka,Malpass,hmalpass6n@comsenz.com,Female,11.146.23.42
241,Lauretta,Witham,lwitham6o@accuweather.com,Female,238.137.37.45
242,Minor,Airy,mairy6p@163.com,Male,176.25.135.247
243,Corney,Hasely,chasely6q@scientificamerican.com,Male,3.126.158.176
244,Celisse,Talmadge,ctalmadge6r@netlog.com,Female,167.255.170.207
245,Suzette,Ramel,sramel6s@live.com,Genderfluid,124.168.85.104
246,Darb,Havercroft,dhavercroft6t@ft.com,Male,2.208.201.187
247,Ambrose,Borrow,aborrow6u@wisc.edu,Male,7.153.52.6
248,Norman,Clackson,nclackson6v@jigsy.com,Male,176.193.246.146
249,Coletta,Ortzen,cortzen6w@ow.ly,Female,176.145.223.56
250,Wendie,Cino,wcino6x@tumblr.com,Female,81.243.200.71
251,Tonya,Merton,tmerton6y@indiatimes.com,Agender,219.24.42.147
252,Berkie,Fernihough,bfernihough6z@usatoday.com,Male,14.228.190.134
253,Everard,Kitlee,ekitlee70@microsoft.com,Male,72.236.144.254
254,Jackie,McLay,jmclay71@yandex.ru,Female,90.233.78.138
255,Riley,Shillabeare,rshillabeare72@cafepress.com,Genderqueer,96.165.255.32
256,Sofia,Espin,sespin73@zimbio.com,Female,1.30.247.247
257,Gusella,Boyfield,gboyfield74@dedecms.com,Female,6.141.107.237
258,Blinny,Reddle,breddle75@shutterfly.com,Female,43.107.2.248
259,Linus,O'Brien,lobrien76@multiply.com,Male,210.75.82.106
260,Alidia,Twatt,atwatt77@techcrunch.com,Female,207.32.93.99
261,Aristotle,Grimes,agrimes78@wsj.com,Male,231.149.148.92
262,Aguistin,Dyble,adyble79@discovery.com,Male,22.12.221.164
263,Cesya,Walkden,cwalkden7a@vkontakte.ru,Agender,104.6.252.134
264,Corilla,Garlee,cgarlee7b@ca.gov,Female,175.12.152.191
265,Ivonne,Goby,igoby7c@blinklist.com,Female,165.214.151.121
266,Sheri,McRuvie,smcruvie7d@discuz.net,Female,77.202.144.20
267,Reece,Delahunty,rdelahunty7e@jiathis.com,Male,198.174.220.220
268,Brinn,Drewett,bdrewett7f@wordpress.com,Female,146.151.31.16
269,Rheba,Sheed,rsheed7g@ustream.tv,Female,171.28.3.106
270,Remy,Bembrigg,rbembrigg7h@msn.com,Female,76.106.238.4
271,Bernhard,Pandya,bpandya7i@gmpg.org,Male,136.65.77.198
272,Danette,Skittrell,dskittrell7j@networkadvertising.org,Female,104.96.215.14
273,Franz,Jankin,fjankin7k@g.co,Male,56.139.141.219
274,Davie,Jansson,djansson7l@google.co.jp,Male,41.221.73.35
275,Adena,Vynarde,avynarde7m@e-recht24.de,Genderfluid,112.28.57.244
276,Tiffi,Gatehouse,tgatehouse7n@jigsy.com,Female,184.196.210.249
277,Tomkin,Copnell,tcopnell7o@discovery.com,Male,114.119.124.67
278,Lalo,Hugli,lhugli7p@mac.com,Polygender,229.83.77.86
279,Berthe,Allman,ballman7q@livejournal.com,Female,46.70.23.197
280,Bernete,Whyffen,bwhyffen7r@walmart.com,Polygender,94.195.15.23
281,Dew,Habbon,dhabbon7s@washington.edu,Male,231.137.51.195
282,Babita,Roubay,broubay7t@slate.com,Female,63.220.150.242
283,Cathe,Staining,cstaining7u@blogs.com,Female,232.153.195.255
284,Myrta,Murtimer,mmurtimer7v@eepurl.com,Female,96.246.45.145
285,Regine,Ollis,rollis7w@jugem.jp,Genderfluid,174.204.247.134
286,Harper,Lineen,hlineen7x@youtu.be,Male,37.198.183.98
287,Farly,Ilyin,filyin7y@jugem.jp,Male,169.209.174.183
288,Tamara,Yannoni,tyannoni7z@pbs.org,Female,174.112.253.81
289,Toby,Adrianello,tadrianello80@mlb.com,Male,80.88.163.153
290,Francesca,Donovin,fdonovin81@shutterfly.com,Bigender,86.207.178.117
291,Lina,Rodway,lrodway82@last.fm,Female,160.67.72.241
292,Al,Verriour,averriour83@sina.com.cn,Male,205.76.132.139
293,Lil,Altham,laltham84@hud.gov,Female,174.65.163.12
294,Tremain,Garrique,tgarrique85@reuters.com,Male,43.207.111.195
295,Austin,Botting,abotting86@tinyurl.com,Female,43.7.161.161
296,Hakim,Minker,hminker87@msu.edu,Male,234.73.157.21
297,Jaime,Beere,jbeere88@goodreads.com,Male,23.12.248.231
298,Montgomery,Senn,msenn89@hatena.ne.jp,Male,125.124.51.171
299,Filippo,Stimpson,fstimpson8a@webnode.com,Male,111.45.101.201
300,Taylor,Moland,tmoland8b@example.com,Male,174.246.99.92
301,Sashenka,Durdy,sdurdy8c@homestead.com,Female,6.129.200.41
302,Antoinette,Elsom,aelsom8d@canalblog.com,Female,33.125.90.92
303,Lorin,Scotney,lscotney8e@icio.us,Male,120.196.60.250
304,El,Kirvell,ekirvell8f@marriott.com,Male,111.44.106.237
305,Pearl,Lashmar,plashmar8g@com.com,Female,70.148.177.126
306,Rooney,McBrady,rmcbrady8h@adobe.com,Male,9.242.195.141
307,Estell,Grolle,egrolle8i@bluehost.com,Female,183.135.60.30
308,Townie,Prettyman,tprettyman8j@spotify.com,Genderqueer,15.122.109.39
309,Kaja,Snare,ksnare8k@dagondesign.com,Female,117.130.131.199
310,Janos,Vieyra,jvieyra8l@mac.com,Agender,54.187.44.213
311,Elton,Laroze,elaroze8m@google.fr,Male,102.104.136.64
312,Ben,Forth,bforth8n@ocn.ne.jp,Male,22.124.47.154
313,Di,Marcone,dmarcone8o@squarespace.com,Polygender,49.79.189.229
314,Dorie,Foskett,dfoskett8p@com.com,Female,138.7.10.118
315,Haily,Connerly,hconnerly8q@mediafire.com,Genderfluid,23.19.214.165
316,Merle,Loades,mloades8r@ted.com,Female,129.198.130.48
317,Saba,MacConnell,smacconnell8s@craigslist.org,Female,103.97.151.154
318,Madelon,Lukas,mlukas8t@bbb.org,Female,204.194.204.248
319,Arleyne,Hastings,ahastings8u@cbsnews.com,Non-binary,174.228.98.97
320,Pierce,Lemm,plemm8v@1und1.de,Male,59.52.193.87
321,Shae,Brok,sbrok8w@cocolog-nifty.com,Male,181.175.5.72
322,Skipton,Scurfield,sscurfield8x@go.com,Male,79.113.190.29
323,Saidee,Wingate,swingate8y@i2i.jp,Female,162.25.110.176
324,Sigmund,Broker,sbroker8z@ebay.co.uk,Male,186.167.36.141
325,Nathan,Hainsworth,nhainsworth90@irs.gov,Male,173.84.84.222
326,Nickolaus,Zuker,nzuker91@wikia.com,Genderfluid,233.73.54.230
327,Gloriana,felip,gfelip92@netvibes.com,Agender,239.152.159.79
328,Mabelle,Meo,mmeo93@hud.gov,Non-binary,29.228.156.179
329,Lauree,Manis,lmanis94@wired.com,Female,219.168.0.11
330,Petr,Dallemore,pdallemore95@examiner.com,Male,235.84.118.176
331,Silvano,Cuell,scuell96@timesonline.co.uk,Male,70.44.202.131
332,Jory,Kinastan,jkinastan97@ask.com,Male,249.181.243.47
333,Levin,Grimsdale,lgrimsdale98@cam.ac.uk,Male,55.135.23.229
334,Justis,Reef,jreef99@guardian.co.uk,Male,84.117.206.177
335,Dulciana,Reeme,dreeme9a@wired.com,Female,126.139.221.88
336,Charis,Fuentes,cfuentes9b@unc.edu,Bigender,171.97.208.67
337,Emmott,Fritche,efritche9c@omniture.com,Male,216.20.147.251
338,Jimmy,Nortunen,jnortunen9d@wiley.com,Male,213.12.154.93
339,Terrance,Giorgetti,tgiorgetti9e@loc.gov,Male,29.217.150.154
340,Noelani,Whitehurst,nwhitehurst9f@paypal.com,Female,67.111.200.241
341,Bernete,Champe,bchampe9g@blogspot.com,Bigender,244.19.231.43
342,Neila,Ferrillio,nferrillio9h@seesaa.net,Female,68.123.214.156
343,Janna,Franzonello,jfranzonello9i@cloudflare.com,Genderqueer,80.147.117.105
344,Morris,Comusso,mcomusso9j@columbia.edu,Polygender,208.16.214.123
345,Adelaida,Cops,acops9k@drupal.org,Polygender,215.74.72.119
346,Gnni,Semeradova,gsemeradova9l@gmpg.org,Female,238.190.142.59
347,Gregoire,Atkinson,gatkinson9m@free.fr,Male,8.255.250.75
348,Evelyn,Aisthorpe,eaisthorpe9n@dot.gov,Male,218.194.79.39
349,Jourdain,Gavin,jgavin9o@quantcast.com,Male,128.52.17.113
350,Alvin,Smorfit,asmorfit9p@reverbnation.com,Male,242.129.72.89
351,Rici,Hammerton,rhammerton9q@marketwatch.com,Female,42.255.78.232
352,Tilly,Achromov,tachromov9r@ed.gov,Female,68.44.41.130
353,Ray,Mayor,rmayor9s@51.la,Male,56.164.135.136
354,Krispin,Breming,kbreming9t@marriott.com,Male,124.92.143.112
355,Raynor,Elnor,relnor9u@sbwire.com,Male,33.242.188.216
356,Norbie,Marler,nmarler9v@a8.net,Male,8.196.191.11
357,Kalina,Mustoe,kmustoe9w@parallels.com,Female,32.242.23.115
358,Andriana,Jamot,ajamot9x@photobucket.com,Female,60.251.161.90
359,Vail,Rubbens,vrubbens9y@shutterfly.com,Male,38.39.186.146
360,Igor,Mauditt,imauditt9z@mayoclinic.com,Male,126.200.63.7
361,Melessa,Baggally,mbaggallya0@webnode.com,Female,19.159.174.199
362,Kamilah,Meddows,kmeddowsa1@exblog.jp,Female,140.225.48.155
363,Yoshi,Darling,ydarlinga2@loc.gov,Female,144.155.114.20
364,Leroi,Youens,lyouensa3@mit.edu,Male,46.165.145.119
365,Briggs,Allain,ballaina4@sogou.com,Male,139.74.166.1
366,Cleopatra,Castilljo,ccastilljoa5@mlb.com,Female,129.79.249.167
367,Marco,Sexcey,msexceya6@jimdo.com,Male,241.154.233.43
368,Arv,Heaffey,aheaffeya7@ask.com,Male,206.138.81.66
369,Oates,Hainey`,ohaineya8@google.de,Male,140.10.164.156
370,Brietta,Dallimore,bdallimorea9@irs.gov,Female,219.92.0.29
371,Geraldine,Dust,gdustaa@themeforest.net,Bigender,227.38.179.20
372,Hector,McKeag,hmckeagab@goodreads.com,Male,113.189.236.121
373,Anatol,McPharlain,amcpharlainac@phpbb.com,Polygender,199.95.81.189
374,Ingaborg,Baszkiewicz,ibaszkiewiczad@ifeng.com,Female,100.178.240.186
375,Jenifer,McCaighey,jmccaigheyae@fc2.com,Female,220.21.25.53
376,Marje,Melton,mmeltonaf@nymag.com,Female,144.32.7.68
377,Algernon,Jahn,ajahnag@usnews.com,Male,125.216.218.121
378,Davita,Raccio,draccioah@reference.com,Female,157.199.194.7
379,Torey,Alywin,talywinai@woothemes.com,Male,100.13.56.217
380,Toby,Nanni,tnanniaj@blogs.com,Female,172.65.126.36
381,Tammie,Halliburton,thalliburtonak@e-recht24.de,Male,189.126.116.70
382,Diandra,Gerran,dgerranal@reuters.com,Female,153.197.118.57
383,Grady,Raddenbury,graddenburyam@sfgate.com,Male,153.51.96.181
384,Ximenes,Iremonger,xiremongeran@bbc.co.uk,Male,174.198.239.59
385,Amalea,Rummer,arummerao@latimes.com,Polygender,188.170.71.26
386,Patrizius,O'Hagerty,pohagertyap@tripadvisor.com,Male,142.105.237.167
387,Ilse,Caro,icaroaq@springer.com,Female,200.137.100.225
388,Amandy,Tomsett,atomsettar@canalblog.com,Female,92.38.205.98
389,Elvis,Bearn,ebearnas@tinyurl.com,Male,196.119.51.233
390,Roch,Bridell,rbridellat@wordpress.com,Female,87.109.173.11
391,Lefty,Van Halle,lvanhalleau@mac.com,Male,247.36.9.124
392,June,Pretty,jprettyav@discuz.net,Female,31.93.146.128
393,Stevy,Chetwind,schetwindaw@yolasite.com,Male,157.3.215.0
394,Emmie,Brunsdon,ebrunsdonax@opensource.org,Bigender,36.27.101.139
395,Lurette,Titlow,ltitloway@squarespace.com,Female,61.54.18.58
396,Nadya,Philpin,nphilpinaz@ustream.tv,Female,24.199.9.10
397,Jacki,Gaffon,jgaffonb0@squidoo.com,Female,137.179.8.227
398,Anthia,Caistor,acaistorb1@live.com,Female,71.209.27.51
399,Nicola,Lucian,nlucianb2@de.vu,Female,5.7.70.14
400,Sybille,Enrdigo,senrdigob3@reverbnation.com,Female,197.20.120.59
401,Keefer,Neenan,kneenanb4@statcounter.com,Male,144.148.190.97
402,Easter,Goreisr,egoreisrb5@redcross.org,Female,167.90.106.34
403,Babb,Ciraldo,bciraldob6@ox.ac.uk,Female,120.249.48.2
404,Dalt,Gricewood,dgricewoodb7@moonfruit.com,Male,153.95.117.19
405,Manon,Northover,mnorthoverb8@ftc.gov,Female,147.118.67.18
406,Fergus,Selly,fsellyb9@cdc.gov,Male,207.64.87.126
407,Kenneth,Corkell,kcorkellba@naver.com,Male,64.210.88.226
408,Camel,Aland,calandbb@list-manage.com,Female,228.195.13.74
409,Leonid,Kohrsen,lkohrsenbc@google.ca,Male,40.240.31.93
410,William,Aldis,waldisbd@apache.org,Male,93.92.147.226
411,Nico,Crannach,ncrannachbe@flavors.me,Male,127.46.108.225
412,Adrien,Pantling,apantlingbf@bbc.co.uk,Male,7.117.66.253
413,Nap,Sissons,nsissonsbg@narod.ru,Male,227.138.86.229
414,Dido,Robertazzi,drobertazzibh@amazon.co.uk,Polygender,56.42.183.34
415,Colly,Ferrarin,cferrarinbi@surveymonkey.com,Female,80.249.157.246
416,Chas,Isted,cistedbj@360.cn,Male,234.226.104.235
417,Charles,McRill,cmcrillbk@sfgate.com,Male,46.184.128.125
418,Morry,Olyfant,molyfantbl@dedecms.com,Male,78.86.189.100
419,Tann,Hundal,thundalbm@cdc.gov,Non-binary,70.178.166.128
420,Joell,Shoveller,jshovellerbn@soundcloud.com,Female,137.109.119.157
421,Arvin,Jone,ajonebo@umn.edu,Male,61.173.156.4
422,De witt,Haggidon,dhaggidonbp@wsj.com,Male,225.203.14.145
423,Arda,Fitton,afittonbq@dot.gov,Female,36.117.62.27
424,Filip,Lamkin,flamkinbr@auda.org.au,Male,184.195.176.13
425,Celesta,Carmel,ccarmelbs@biglobe.ne.jp,Female,2.94.136.143
426,Adelina,Bengtsen,abengtsenbt@uol.com.br,Polygender,195.65.216.113
427,Nedda,Rosenbloom,nrosenbloombu@wordpress.org,Female,190.11.204.89
428,Corty,Lodovichi,clodovichibv@gravatar.com,Genderfluid,212.15.188.90
429,Ignace,Penhalurick,ipenhalurickbw@imdb.com,Male,149.124.142.133
430,Denny,Mylechreest,dmylechreestbx@toplist.cz,Male,77.20.131.15
431,Juliana,Huguet,jhuguetby@cmu.edu,Female,226.101.149.33
432,Berty,Broughton,bbroughtonbz@google.com.br,Male,162.137.168.168
433,Brent,Snook,bsnookc0@sohu.com,Male,66.179.154.157
434,Ofella,Sirey,osireyc1@amazon.de,Female,169.95.197.6
435,Karoly,McGeagh,kmcgeaghc2@cisco.com,Male,98.230.11.231
436,Freemon,Bourgourd,fbourgourdc3@skyrock.com,Genderqueer,108.26.30.57
437,Jandy,Rangle,jranglec4@soup.io,Female,41.87.8.51
438,Janetta,Noto,jnotoc5@psu.edu,Female,7.157.57.195
439,Daron,Cleevely,dcleevelyc6@ask.com,Male,112.207.22.150
440,Holly,Jaqueminet,hjaqueminetc7@furl.net,Male,163.128.177.89
441,Ella,Reeders,ereedersc8@is.gd,Female,87.167.118.66
442,Keene,Martinon,kmartinonc9@mayoclinic.com,Male,138.18.180.210
443,Diana,Weekley,dweekleyca@hhs.gov,Female,81.49.216.208
444,Kelila,Farnell,kfarnellcb@istockphoto.com,Female,43.235.118.144
445,Pren,Sarjant,psarjantcc@whitehouse.gov,Male,124.159.26.216
446,Wang,Truce,wtrucecd@sciencedirect.com,Male,64.198.22.72
447,Garald,Conelly,gconellyce@vistaprint.com,Male,3.60.52.157
448,Allard,Drynan,adrynancf@ca.gov,Male,48.42.124.69
449,Jacquie,Wilderspoon,jwilderspooncg@yellowbook.com,Female,19.131.97.207
450,Trudie,Mulmuray,tmulmuraych@netlog.com,Female,198.210.141.178
451,Barbee,Lillie,blillieci@china.com.cn,Female,91.60.239.159
452,Patrice,Pelzer,ppelzercj@pbs.org,Female,4.188.196.98
453,Payton,De Filippo,pdefilippock@technorati.com,Male,245.160.151.66
454,Mathian,Kovnot,mkovnotcl@nyu.edu,Male,148.235.56.40
455,Chelsy,Beaglehole,cbeagleholecm@stumbleupon.com,Polygender,243.234.155.186
456,Deeyn,Merrin,dmerrincn@sitemeter.com,Female,5.169.1.182
457,Alma,Hixley,ahixleyco@aol.com,Female,239.217.41.10
458,Stanislaw,Lakes,slakescp@gravatar.com,Male,226.164.147.115
459,Moshe,Brockest,mbrockestcq@cargocollective.com,Male,74.31.67.155
460,Raul,Coady,rcoadycr@t.co,Male,218.110.212.27
461,Abram,Songest,asongestcs@is.gd,Male,86.126.232.92
462,Gail,Amoss,gamossct@qq.com,Genderqueer,49.18.47.96
463,Charlton,Cadden,ccaddencu@youtube.com,Male,42.172.88.198
464,Buffy,Cottis,bcottiscv@hexun.com,Female,231.95.182.109
465,Cherin,Cowmeadow,ccowmeadowcw@dailymotion.com,Female,246.129.105.26
466,Hale,Sleeman,hsleemancx@prnewswire.com,Male,15.116.250.120
467,Stafani,Ewer,sewercy@e-recht24.de,Female,0.5.55.153
468,Elsi,Millichip,emillichipcz@rambler.ru,Female,172.167.0.75
469,Birch,Bavister,bbavisterd0@amazon.de,Male,117.5.175.113
470,Arte,Grigoli,agrigolid1@salon.com,Male,34.29.46.129
471,Kevina,Minnock,kminnockd2@amazon.com,Female,163.129.121.236
472,Nixie,Spancock,nspancockd3@discuz.net,Polygender,216.12.176.173
473,Luis,Collicott,lcollicottd4@weebly.com,Male,191.131.193.41
474,Lowell,Gurr,lgurrd5@technorati.com,Male,60.42.176.60
475,Gerrie,Stanley,gstanleyd6@example.com,Female,98.141.163.201
476,Reinaldos,Duckers,rduckersd7@unicef.org,Polygender,107.104.243.85
477,Cortney,Strand,cstrandd8@techcrunch.com,Genderfluid,191.23.110.197
478,Hyacinthie,Yeandel,hyeandeld9@jiathis.com,Female,111.85.181.84
479,Sybila,Dautry,sdautryda@bigcartel.com,Female,160.238.70.151
480,Tera,Selliman,tsellimandb@fc2.com,Female,93.199.132.248
481,Emmalee,Labeuil,elabeuildc@nba.com,Female,39.29.251.248
482,Elsey,Dakers,edakersdd@free.fr,Female,39.169.228.151
483,Raddie,Deshon,rdeshonde@comsenz.com,Male,52.215.94.60
484,Emelda,Lavallie,elavalliedf@timesonline.co.uk,Female,89.38.233.212
485,Eden,Titmarsh,etitmarshdg@go.com,Female,244.62.212.184
486,Lanae,Sidworth,lsidworthdh@quantcast.com,Female,100.25.232.118
487,Herbert,Domone,hdomonedi@skype.com,Male,130.105.46.125
488,Kirsti,Asmus,kasmusdj@china.com.cn,Female,70.37.215.59
489,Gibby,Cordero,gcorderodk@wufoo.com,Male,190.63.81.117
490,Lyn,Anstead,lansteaddl@paginegialle.it,Female,14.117.173.123
491,Brad,Bateman,bbatemandm@shutterfly.com,Male,162.166.246.38
492,Lotti,Larvent,llarventdn@homestead.com,Female,90.194.186.138
493,Karna,Scholcroft,kscholcroftdo@dagondesign.com,Non-binary,148.153.64.193
494,Brandais,Tolliday,btollidaydp@ustream.tv,Female,69.53.32.164
495,Ellyn,Kearn,ekearndq@nifty.com,Female,191.5.107.194
496,Erick,Bazoge,ebazogedr@intel.com,Male,141.237.16.227
497,Lucila,McKaile,lmckaileds@dell.com,Female,23.242.21.22
498,Remington,Fairhurst,rfairhurstdt@scribd.com,Male,40.150.71.133
499,Robinet,Vanne,rvannedu@upenn.edu,Male,171.113.189.12
500,Teena,Greatland,tgreatlanddv@cbc.ca,Female,174.76.123.141
501,Peggy,Jaggar,pjaggardw@skype.com,Female,229.140.86.188
502,Elroy,Lapping,elappingdx@fda.gov,Male,201.64.106.60
503,Shae,Wyer,swyerdy@lycos.com,Female,117.27.162.225
504,Janean,Christoffe,jchristoffedz@ocn.ne.jp,Female,142.87.91.20
505,Lovell,Guilaem,lguilaeme0@netlog.com,Male,226.201.39.19
506,Upton,Juliff,ujuliffe1@artisteer.com,Agender,174.12.139.224
507,Lenard,Ginnally,lginnallye2@weibo.com,Male,117.29.19.205
508,Zedekiah,Dyers,zdyerse3@trellian.com,Agender,239.113.241.89
509,Ingram,Riccio,iriccioe4@seattletimes.com,Male,216.167.212.202
510,Griffie,Draco,gdracoe5@ucoz.com,Male,198.237.223.71
511,Lemuel,Horrell,lhorrelle6@jiathis.com,Male,112.110.214.252
512,Paquito,Linskill,plinskille7@imageshack.us,Male,108.191.53.141
513,Stephan,Scargle,sscarglee8@friendfeed.com,Male,190.92.38.158
514,Nicoline,Murden,nmurdene9@who.int,Female,111.7.12.246
515,Ardra,Yosifov,ayosifovea@homestead.com,Genderfluid,104.94.174.66
516,Brody,Lynch,blyncheb@friendfeed.com,Male,111.167.82.212
517,Trude,Creffield,tcreffieldec@discovery.com,Female,108.209.204.216
518,Zacharie,Ashelford,zashelforded@mayoclinic.com,Male,219.45.92.182
519,Reed,Duchasteau,rduchasteauee@topsy.com,Male,56.64.236.125
520,Benny,Butterfield,bbutterfieldef@umich.edu,Female,143.255.210.74
521,Duke,Volcker,dvolckereg@1und1.de,Polygender,78.8.123.167
522,Twila,Sally,tsallyeh@tinypic.com,Female,2.111.235.214
523,Gunther,McCrie,gmccrieei@ycombinator.com,Male,138.41.218.11
524,Talyah,Franssen,tfranssenej@adobe.com,Female,174.45.193.174
525,Kendre,Micah,kmicahek@goo.ne.jp,Female,62.236.202.233
526,Drusy,Grimditch,dgrimditchel@marriott.com,Female,55.12.136.7
527,Ahmad,Lehrer,alehrerem@51.la,Male,55.182.90.99
528,Melina,Tawse,mtawseen@alexa.com,Female,180.180.182.17
529,Lev,Alman,lalmaneo@dmoz.org,Male,198.103.222.105
530,Dita,Gyles,dgylesep@blogs.com,Female,37.155.16.233
531,Lelah,Lehenmann,llehenmanneq@vk.com,Female,48.88.210.60
532,Nathanial,Benner,nbennerer@plala.or.jp,Male,132.223.23.32
533,Hamilton,Bridel,hbrideles@bandcamp.com,Male,157.151.129.157
534,Wanids,Absolem,wabsolemet@cnn.com,Female,142.32.108.125
535,Claudio,Hartwright,chartwrighteu@unblog.fr,Genderfluid,123.11.13.30
536,Ashien,Dix,adixev@webs.com,Female,210.43.23.185
537,Eugine,Crocker,ecrockerew@rakuten.co.jp,Female,78.78.163.176
538,Vonnie,Luthwood,vluthwoodex@hostgator.com,Female,55.253.113.144
539,Emerson,Anthon,eanthoney@google.ru,Male,162.201.177.154
540,Reggy,Cella,rcellaez@goo.ne.jp,Male,247.176.215.95
541,Ulick,Lanchbury,ulanchburyf0@wp.com,Male,179.109.119.230
542,Audrye,Ritch,aritchf1@nyu.edu,Female,159.183.160.149
543,Wilhelmine,Keneleyside,wkeneleysidef2@cmu.edu,Female,220.226.84.167
544,Janaya,Gabites,jgabitesf3@bravesites.com,Female,252.100.22.49
545,Meagan,Dablin,mdablinf4@hao123.com,Female,255.208.153.92
546,Miller,Lampert,mlampertf5@histats.com,Male,239.142.209.175
547,Zarah,Willoughway,zwilloughwayf6@prnewswire.com,Female,83.232.49.189
548,Chloe,Gerwood,cgerwoodf7@comcast.net,Agender,62.83.158.73
549,Alan,Kundt,akundtf8@yandex.ru,Male,153.57.227.230
550,Donalt,Darlington,ddarlingtonf9@bluehost.com,Genderqueer,142.176.172.218
551,Ericka,Roke,erokefa@wired.com,Female,51.30.41.254
552,Leroi,Dametti,ldamettifb@1688.com,Male,240.122.83.72
553,Felisha,Chrystie,fchrystiefc@deviantart.com,Female,91.45.166.127
554,Haywood,Lunam,hlunamfd@unicef.org,Male,173.210.53.30
555,Rowney,Pilipets,rpilipetsfe@mac.com,Male,28.228.223.35
556,Peta,Witling,pwitlingff@who.int,Female,130.177.0.56
557,Ceciley,Whitty,cwhittyfg@prweb.com,Female,226.239.151.37
558,Garwin,Currie,gcurriefh@technorati.com,Male,231.182.241.152
559,Kenneth,Jelk,kjelkfi@tiny.cc,Non-binary,246.120.200.12
560,Gwynne,Forsyth,gforsythfj@nymag.com,Female,10.59.156.128
561,Griz,Dun,gdunfk@mayoclinic.com,Male,249.64.109.128
562,Barn,Komorowski,bkomorowskifl@zimbio.com,Male,98.14.175.45
563,Moses,Gaenor,mgaenorfm@g.co,Male,246.187.199.125
564,Jarid,Hawksworth,jhawksworthfn@accuweather.com,Male,60.251.234.119
565,Germana,Willingham,gwillinghamfo@imgur.com,Female,95.31.142.247
566,Artemus,Larham,alarhamfp@bloglines.com,Male,252.111.100.250
567,Gage,Padmore,gpadmorefq@usgs.gov,Male,64.223.155.86
568,Sherlocke,Pedro,spedrofr@economist.com,Polygender,88.44.36.98
569,Stefano,Rebanks,srebanksfs@rambler.ru,Male,128.45.69.9
570,Borden,Piperley,bpiperleyft@fastcompany.com,Male,182.107.229.21
571,Roldan,Croce,rcrocefu@163.com,Male,143.108.203.84
572,Trumann,Dreier,tdreierfv@arstechnica.com,Male,31.225.39.9
573,Regan,Sharplin,rsharplinfw@dell.com,Male,25.159.112.85
574,Marijo,Breawood,mbreawoodfx@scientificamerican.com,Agender,40.53.18.144
575,Ellynn,Howard - Gater,ehowardgaterfy@fotki.com,Female,100.184.232.144
576,Erina,Wymer,ewymerfz@rambler.ru,Non-binary,114.105.108.173
577,Diena,Reddy,dreddyg0@last.fm,Non-binary,245.94.246.94
578,Raffarty,Noke,rnokeg1@ifeng.com,Male,152.250.124.53
579,Hakeem,McIleen,hmcileeng2@over-blog.com,Male,33.168.12.27
580,Aylmar,McMichell,amcmichellg3@dion.ne.jp,Male,222.95.200.26
581,Emogene,Cameli,ecamelig4@economist.com,Female,217.150.101.228
582,Hobart,Rack,hrackg5@google.es,Male,209.47.20.143
583,Emerson,McNeilly,emcneillyg6@uol.com.br,Genderfluid,55.105.6.82
584,Ginevra,Ragge,graggeg7@addthis.com,Female,166.5.26.4
585,Catherina,Woodbridge,cwoodbridgeg8@nsw.gov.au,Female,184.214.150.45
586,Nicolis,Jonczyk,njonczykg9@goo.ne.jp,Male,241.202.83.14
587,Druci,Biggadyke,dbiggadykega@hostgator.com,Female,176.85.247.144
588,Aloin,Mac Giolla Pheadair,amacgiollapheadairgb@marriott.com,Male,39.200.113.49
589,Korrie,Abramson,kabramsongc@cbc.ca,Female,82.29.163.61
590,Pietrek,Basilone,pbasilonegd@hubpages.com,Male,56.175.21.48
591,Liesa,Fackney,lfackneyge@aol.com,Female,71.67.160.145
592,Anetta,Gauntley,agauntleygf@thetimes.co.uk,Female,87.140.11.41
593,Anestassia,Le Blond,aleblondgg@hubpages.com,Female,244.61.177.163
594,Ruthann,Putman,rputmangh@cargocollective.com,Female,157.243.100.199
595,Hill,Davison,hdavisongi@spotify.com,Male,172.69.181.49
596,Gerty,Veart,gveartgj@ibm.com,Female,24.101.192.4
597,Ariella,Poppleton,apoppletongk@archive.org,Female,180.54.125.2
598,Vidovic,Bubbings,vbubbingsgl@ucla.edu,Male,82.120.180.213
599,Walker,Pane,wpanegm@blogtalkradio.com,Male,162.155.226.88
600,Christean,Schwartz,cschwartzgn@usa.gov,Female,239.249.158.210
601,Julio,Patching,jpatchinggo@slate.com,Male,137.46.32.207
602,Eula,Jedraszczyk,ejedraszczykgp@vk.com,Female,64.73.138.128
603,Sherill,Munt,smuntgq@163.com,Female,116.137.8.198
604,Brandise,Sille,bsillegr@miitbeian.gov.cn,Female,137.33.205.92
605,Grethel,Jeduch,gjeduchgs@google.cn,Female,59.17.102.197
606,Violetta,Shedden,vsheddengt@ameblo.jp,Non-binary,139.190.91.234
607,Benji,Paddison,bpaddisongu@columbia.edu,Male,249.119.211.160
608,Alethea,Vokes,avokesgv@ihg.com,Genderqueer,108.75.195.54
609,Christoph,Lindsey,clindseygw@google.co.jp,Male,180.16.66.1
610,Umeko,O'Donnell,uodonnellgx@huffingtonpost.com,Female,173.242.143.118
611,Cordy,Volcker,cvolckergy@github.com,Female,226.141.68.58
612,Vasily,Forth,vforthgz@ovh.net,Male,231.43.168.247
613,Patrizio,Guerrin,pguerrinh0@google.it,Male,188.210.17.73
614,Elissa,Martinho,emartinhoh1@trellian.com,Female,41.43.92.150
615,Xaviera,Gemnett,xgemnetth2@ebay.co.uk,Female,116.208.163.52
616,Byram,Eyckelbeck,beyckelbeckh3@naver.com,Male,222.30.124.3
617,Robin,Yukhin,ryukhinh4@answers.com,Female,250.172.103.23
618,Brinna,Eiler,beilerh5@diigo.com,Female,18.196.65.76
619,Elberta,Spawforth,espawforthh6@cyberchimps.com,Female,211.254.71.68
620,Darlene,Tape,dtapeh7@upenn.edu,Female,101.53.235.65
621,Daloris,Sictornes,dsictornesh8@wikimedia.org,Female,250.243.181.75
622,Natka,Lyfe,nlyfeh9@guardian.co.uk,Genderfluid,129.230.215.63
623,Andrew,Clapperton,aclappertonha@ed.gov,Male,139.129.181.67
624,Marge,Yurocjhin,myurocjhinhb@vkontakte.ru,Female,75.50.19.80
625,Kial,Blain,kblainhc@fema.gov,Female,185.221.184.174
626,Desirae,Fortie,dfortiehd@bizjournals.com,Female,31.76.25.246
627,Vassily,Harman,vharmanhe@jimdo.com,Male,188.151.70.145
628,Burt,Motto,bmottohf@twitpic.com,Male,20.169.89.194
629,Simona,Kighly,skighlyhg@purevolume.com,Female,189.85.162.134
630,Shannen,Diprose,sdiprosehh@aol.com,Female,60.126.172.13
631,Yorker,Gotfrey,ygotfreyhi@senate.gov,Male,110.68.63.125
632,Humphrey,Strethill,hstrethillhj@chronoengine.com,Male,38.164.146.247
633,Kerianne,McAsgill,kmcasgillhk@archive.org,Female,101.252.149.46
634,Cherlyn,Erridge,cerridgehl@fema.gov,Female,167.118.17.170
635,Arte,Joncic,ajoncichm@fema.gov,Male,211.184.230.89
636,Dyan,Poulsen,dpoulsenhn@dyndns.org,Female,143.228.159.181
637,Benedick,Britch,bbritchho@weebly.com,Male,243.173.84.155
638,Bettina,Birtwisle,bbirtwislehp@ucla.edu,Agender,128.115.37.189
639,Anna,Gergolet,agergolethq@furl.net,Female,228.91.151.57
640,Michelle,Yitzhak,myitzhakhr@edublogs.org,Female,27.168.134.59
641,Jolyn,Frake,jfrakehs@amazon.co.jp,Female,115.138.177.199
642,Klement,Dymick,kdymickht@biblegateway.com,Male,188.78.88.37
643,Alla,Ingry,aingryhu@linkedin.com,Female,60.186.188.155
644,Madge,Winborn,mwinbornhv@networksolutions.com,Female,233.81.247.148
645,Felizio,D'Costa,fdcostahw@networkadvertising.org,Male,118.149.119.63
646,Mortie,Paxforde,mpaxfordehx@biglobe.ne.jp,Male,94.156.240.208
647,Vern,Dymond,vdymondhy@freewebs.com,Male,131.125.125.0
648,Julian,Sooper,jsooperhz@china.com.cn,Male,201.220.150.125
649,Gonzalo,L'Amie,glamiei0@usatoday.com,Male,204.18.238.189
650,Corenda,Murrey,cmurreyi1@cnbc.com,Female,204.209.38.239
651,Lloyd,Brabon,lbraboni2@sun.com,Male,96.168.132.65
652,Kata,Pheasant,kpheasanti3@ox.ac.uk,Female,49.236.162.33
653,Rebecca,Lacy,rlacyi4@blog.com,Female,150.186.197.193
654,Philbert,Gaul,pgauli5@salon.com,Male,15.19.15.121
655,Burlie,Buntin,bbuntini6@wisc.edu,Male,188.5.184.25
656,Kurtis,Cucuzza,kcucuzzai7@va.gov,Male,200.30.211.215
657,Daron,Dexter,ddexteri8@quantcast.com,Male,204.31.145.218
658,Minerva,Hatherleigh,mhatherleighi9@ihg.com,Female,94.206.24.239
659,Valentine,Guerri,vguerriia@freewebs.com,Male,254.253.232.15
660,Goober,Linge,glingeib@miibeian.gov.cn,Male,133.179.236.63
661,Robbert,Larvor,rlarvoric@spotify.com,Male,116.53.134.200
662,Maddy,Milne,mmilneid@slashdot.org,Female,14.135.8.144
663,Breanne,Haversham,bhavershamie@adobe.com,Female,186.4.68.175
664,Ernesto,Mapplethorpe,emapplethorpeif@gizmodo.com,Male,44.3.28.129
665,Zared,Dagworthy,zdagworthyig@photobucket.com,Male,166.150.7.55
666,Balduin,Gladwish,bgladwishih@youtu.be,Male,90.233.160.109
667,Giorgio,Peyntue,gpeyntueii@techcrunch.com,Male,98.47.209.195
668,Gavin,Linkin,glinkinij@ted.com,Male,95.182.180.34
669,Shae,Meriott,smeriottik@ovh.net,Female,84.208.69.26
670,Natala,Gounel,ngounelil@cocolog-nifty.com,Female,6.7.109.152
671,Anna-diane,Cavolini,acavoliniim@booking.com,Female,60.150.23.26
672,Maisie,Bruce,mbrucein@chron.com,Female,253.136.197.73
673,Randene,Lehemann,rlehemannio@psu.edu,Female,242.34.72.114
674,Jaye,Tonkin,jtonkinip@aol.com,Male,181.173.54.64
675,Keven,Elsley,kelsleyiq@alibaba.com,Male,164.33.149.57
676,Courtney,Skelington,cskelingtonir@ezinearticles.com,Genderqueer,72.214.135.236
677,Wallie,Ewenson,wewensonis@merriam-webster.com,Female,20.170.185.43
678,Georgianna,Eilhersen,geilhersenit@cisco.com,Female,15.210.146.251
679,Clemmie,De Haven,cdehaveniu@stanford.edu,Male,41.166.96.65
680,Prince,Pfleger,ppflegeriv@about.me,Male,211.139.46.247
681,Juanita,Bodman,jbodmaniw@wired.com,Bigender,72.4.18.74
682,Brose,Gyorgy,bgyorgyix@slideshare.net,Male,158.59.225.217
683,Luz,Matiewe,lmatieweiy@deviantart.com,Female,70.250.58.218
684,Kynthia,Killough,kkilloughiz@amazon.com,Female,244.245.124.223
685,Desiree,Gregersen,dgregersenj0@indiatimes.com,Female,73.31.118.202
686,Johnny,Dunniom,jdunniomj1@ox.ac.uk,Male,50.207.27.172
687,Mendie,Starsmore,mstarsmorej2@taobao.com,Male,77.161.147.19
688,Deeyn,Commusso,dcommussoj3@netlog.com,Female,105.37.77.208
689,Renato,McCoveney,rmccoveneyj4@ftc.gov,Polygender,162.92.230.118
690,Katusha,Otteridge,kotteridgej5@meetup.com,Female,76.204.184.45
691,Trevor,Simanek,tsimanekj6@tripadvisor.com,Polygender,0.146.37.203
692,Margaux,Meiner,mmeinerj7@paypal.com,Female,63.170.158.141
693,Jania,Canti,jcantij8@sun.com,Genderqueer,74.37.151.150
694,Imogene,Dobrowlski,idobrowlskij9@yale.edu,Female,23.85.85.200
695,Dorey,Enderwick,denderwickja@smh.com.au,Male,171.206.118.145
696,Brandise,Abramski,babramskijb@joomla.org,Female,59.80.212.134
697,Trever,Udey,tudeyjc@blogs.com,Male,30.176.157.200
698,Guthry,Redmille,gredmillejd@dailymail.co.uk,Male,85.234.50.27
699,Kenon,Jeffes,kjeffesje@usda.gov,Male,206.114.154.137
700,Rod,Andersen,randersenjf@phoca.cz,Bigender,244.173.92.200
701,Zachary,Kettlestring,zkettlestringjg@instagram.com,Genderfluid,207.111.105.194
702,Daisey,Bolesma,dbolesmajh@google.com.au,Female,105.45.178.234
703,Isak,Janic,ijanicji@weather.com,Male,117.51.26.173
704,Lance,Collin,lcollinjj@amazon.de,Male,235.243.37.106
705,Obed,Pidgen,opidgenjk@nps.gov,Male,169.179.249.164
706,Eldin,Endrighi,eendrighijl@shutterfly.com,Male,132.188.124.194
707,Devland,Ovenell,dovenelljm@netlog.com,Male,171.158.165.6
708,Malachi,Knightly,mknightlyjn@japanpost.jp,Male,225.159.223.91
709,Meade,Duffett,mduffettjo@wikipedia.org,Female,99.107.233.182
710,Valentijn,Drever,vdreverjp@uol.com.br,Male,37.177.170.157
711,Gino,Bosdet,gbosdetjq@free.fr,Male,57.185.109.178
712,Luke,Emmitt,lemmittjr@mozilla.org,Male,139.139.153.245
713,Puff,Dillingston,pdillingstonjs@desdev.cn,Male,51.160.155.127
714,Dag,Bowater,dbowaterjt@lycos.com,Male,218.177.22.60
715,Meaghan,Valentinetti,mvalentinettiju@yolasite.com,Female,137.87.151.235
716,Koralle,Lismer,klismerjv@pagesperso-orange.fr,Female,90.82.195.114
717,Katy,Thirst,kthirstjw@histats.com,Female,101.194.90.170
718,Joela,Hounsome,jhounsomejx@cornell.edu,Female,88.191.241.29
719,Milissent,Messenger,mmessengerjy@sitemeter.com,Female,5.241.163.148
720,Cesar,Stratford,cstratfordjz@ted.com,Male,119.213.249.29
721,Ulla,Lared,ularedk0@1und1.de,Female,127.131.14.103
722,Brewer,Bandiera,bbandierak1@com.com,Male,4.178.193.0
723,Meggy,Cussen,mcussenk2@netlog.com,Female,209.61.248.91
724,Russ,Jirus,rjirusk3@engadget.com,Male,204.241.60.161
725,Cody,Denniston,cdennistonk4@tripadvisor.com,Male,65.60.37.215
726,Arney,Robbs,arobbsk5@scientificamerican.com,Male,130.89.6.37
727,Andeee,Sansome,asansomek6@state.tx.us,Non-binary,179.111.127.224
728,Dougie,De Bruijn,ddebruijnk7@ocn.ne.jp,Male,108.50.213.188
729,Gilberta,Ritchley,gritchleyk8@dion.ne.jp,Female,5.29.114.195
730,Jasun,Knoton,jknotonk9@yahoo.com,Male,105.238.151.86
731,Lind,Dymock,ldymockka@homestead.com,Male,226.155.96.42
732,Whitaker,Lauxmann,wlauxmannkb@nih.gov,Male,243.55.68.231
733,Margarita,Harm,mharmkc@alexa.com,Female,19.74.157.114
734,Othella,Petracek,opetracekkd@linkedin.com,Female,235.161.77.13
735,Adaline,Cleft,acleftke@examiner.com,Genderfluid,213.177.211.125
736,Carlin,Francioli,cfranciolikf@theguardian.com,Male,76.56.235.5
737,Delly,Lowmass,dlowmasskg@pbs.org,Female,191.151.83.213
738,Maribeth,Pabel,mpabelkh@theatlantic.com,Female,31.176.9.231
739,Maurice,Sallter,msallterki@bbb.org,Male,228.86.32.188
740,Nickolaus,Woolward,nwoolwardkj@fc2.com,Male,211.208.14.160
741,Jasmina,Wareham,jwarehamkk@wordpress.com,Polygender,144.18.212.71
742,Halimeda,Smieton,hsmietonkl@europa.eu,Polygender,171.0.199.220
743,Selby,Schuelcke,sschuelckekm@noaa.gov,Male,227.63.4.172
744,Barnabe,Flintoff,bflintoffkn@ameblo.jp,Male,155.102.92.246
745,Silvanus,MacSkeaghan,smacskeaghanko@miitbeian.gov.cn,Male,184.18.207.151
746,Bertrando,O'Callaghan,bocallaghankp@hatena.ne.jp,Male,228.114.172.198
747,Pauletta,Abela,pabelakq@dyndns.org,Female,58.21.38.32
748,Sharl,Cahey,scaheykr@blogs.com,Female,67.153.144.120
749,Gayel,Takkos,gtakkosks@gizmodo.com,Polygender,127.3.166.20
750,Lilly,Creer,lcreerkt@yahoo.co.jp,Female,72.37.127.136
751,Phillis,Nund,pnundku@cnn.com,Female,155.95.170.2
752,Celle,Royle,croylekv@chron.com,Female,255.35.66.42
753,Imojean,De Courtney,idecourtneykw@youtu.be,Female,4.207.93.244
754,Emlyn,Southworth,esouthworthkx@ebay.co.uk,Female,39.39.39.246
755,Darda,MacCracken,dmaccrackenky@123-reg.co.uk,Female,13.214.163.39
756,Rusty,Stichel,rstichelkz@jalbum.net,Male,18.116.133.20
757,Morgun,Beverley,mbeverleyl0@4shared.com,Male,225.16.87.230
758,Deeanne,Sperring,dsperringl1@adobe.com,Female,16.69.253.134
759,Orbadiah,Riddock,oriddockl2@earthlink.net,Male,51.121.251.180
760,Lucio,Brothers,lbrothersl3@businessweek.com,Male,217.237.205.240
761,Carey,De Micoli,cdemicolil4@tuttocitta.it,Male,164.231.219.138
762,Rivalee,Dinse,rdinsel5@tripod.com,Female,152.95.238.11
763,Koralle,Bernaldo,kbernaldol6@senate.gov,Female,241.121.194.75
764,Claudianus,Cannam,ccannaml7@unicef.org,Male,112.164.16.126
765,Molli,Tippetts,mtippettsl8@elegantthemes.com,Female,53.244.156.20
766,Allie,Rolfs,arolfsl9@blogger.com,Agender,60.222.234.132
767,Angie,Prettyjohns,aprettyjohnsla@slashdot.org,Male,56.187.123.120
768,Desdemona,Stihl,dstihllb@ustream.tv,Female,19.208.76.233
769,Sterne,Anscott,sanscottlc@mit.edu,Male,46.191.164.47
770,Julienne,Learoid,jlearoidld@bing.com,Female,186.230.74.232
771,Burk,Falk,bfalkle@dagondesign.com,Male,111.232.185.25
772,Elsbeth,Champagne,echampagnelf@e-recht24.de,Female,136.53.115.247
773,Johnathon,Collopy,jcollopylg@sun.com,Agender,233.19.66.150
774,Vernice,Arr,varrlh@sciencedaily.com,Female,23.104.191.134
775,Jeremie,Fairall,jfairallli@foxnews.com,Male,6.197.17.33
776,Madalyn,Treace,mtreacelj@cbslocal.com,Female,229.76.178.136
777,Angelico,Allbrook,aallbrooklk@pcworld.com,Male,166.128.132.42
778,Paige,Purshouse,ppurshousell@mayoclinic.com,Female,127.133.196.132
779,Hinze,Adamsson,hadamssonlm@nba.com,Male,112.160.32.199
780,Carlotta,Stockings,cstockingsln@google.co.uk,Female,172.91.139.7
781,Godiva,Rosentholer,grosentholerlo@hostgator.com,Non-binary,136.152.255.128
782,Veronica,North,vnorthlp@narod.ru,Female,63.254.219.147
783,Reagen,Fortoun,rfortounlq@flickr.com,Male,200.255.143.50
784,Merwin,Pettegre,mpettegrelr@sohu.com,Agender,68.112.128.69
785,Dacy,Jewers,djewersls@unicef.org,Polygender,21.56.200.242
786,Quincey,Topling,qtoplinglt@chron.com,Male,212.8.246.78
787,Lek,Denver,ldenverlu@mashable.com,Male,159.223.254.201
788,Alena,Gardiner,agardinerlv@mozilla.org,Female,230.106.164.182
789,Karrah,Cominetti,kcominettilw@blog.com,Female,239.227.237.76
790,Haily,Skeleton,hskeletonlx@globo.com,Female,252.62.43.88
791,Dulci,Ech,dechly@webnode.com,Female,253.132.198.231
792,Inessa,Scorah,iscorahlz@timesonline.co.uk,Female,58.203.43.119
793,Edgardo,Driussi,edriussim0@dell.com,Male,139.118.67.4
794,Nels,Paraman,nparamanm1@ehow.com,Male,89.0.212.180
795,Allard,Tetley,atetleym2@bloglovin.com,Male,38.56.251.77
796,Stephi,Seak,sseakm3@diigo.com,Female,143.45.153.34
797,Alon,Swiffen,aswiffenm4@dmoz.org,Male,189.163.199.158
798,Torrey,Mushawe,tmushawem5@seattletimes.com,Male,13.133.59.10
799,Tedda,Fandrey,tfandreym6@epa.gov,Female,159.213.21.237
800,Meta,Ludovico,mludovicom7@over-blog.com,Female,188.184.225.140
801,Cicily,Mathwen,cmathwenm8@unc.edu,Female,74.160.62.224
802,Hobard,Allardyce,hallardycem9@people.com.cn,Male,24.121.199.9
803,Pauletta,Moir,pmoirma@ox.ac.uk,Genderqueer,166.210.248.67
804,Felicle,Kobus,fkobusmb@blog.com,Female,47.23.115.163
805,Carie,Risso,crissomc@jiathis.com,Female,11.25.135.122
806,Eleni,Stallard,estallardmd@engadget.com,Female,17.113.174.199
807,Samuele,Summerly,ssummerlyme@dot.gov,Male,69.199.162.79
808,Belicia,Maddrell,bmaddrellmf@multiply.com,Female,126.87.31.42
809,Freddy,Lochead,flocheadmg@netvibes.com,Female,242.179.8.112
810,Aveline,Fitch,afitchmh@miibeian.gov.cn,Female,157.128.143.135
811,Gun,Farman,gfarmanmi@squarespace.com,Polygender,249.173.189.30
812,Nikki,Goodlett,ngoodlettmj@usda.gov,Male,189.228.92.128
813,Kort,Guilayn,kguilaynmk@bigcartel.com,Male,115.15.106.30
814,Rosalynd,Olyfat,rolyfatml@lycos.com,Female,217.132.150.22
815,Shepherd,Sconce,ssconcemm@va.gov,Male,124.208.208.152
816,Odille,Kimmitt,okimmittmn@mysql.com,Female,53.23.5.124
817,Rik,Silverson,rsilversonmo@weibo.com,Male,62.110.40.126
818,Scarface,Swinglehurst,sswinglehurstmp@howstuffworks.com,Genderfluid,158.207.112.125
819,York,Gounel,ygounelmq@opera.com,Male,150.161.69.121
820,Cobbie,Tankus,ctankusmr@nature.com,Male,51.186.169.119
821,Theodor,Cumberpatch,tcumberpatchms@sciencedirect.com,Male,125.23.113.184
822,Kalila,Finlry,kfinlrymt@geocities.com,Female,12.142.32.17
823,Arthur,Sammonds,asammondsmu@theglobeandmail.com,Male,26.31.94.72
824,Zerk,Compford,zcompfordmv@springer.com,Male,132.82.19.148
825,Rosalind,Henriquet,rhenriquetmw@dion.ne.jp,Female,145.2.232.84
826,Claude,Hanbidge,chanbidgemx@slashdot.org,Female,188.150.36.155
827,Augustina,de Chastelain,adechastelainmy@nyu.edu,Non-binary,142.239.193.237
828,Tandi,Symcox,tsymcoxmz@dell.com,Female,35.196.192.96
829,Kalina,Carpmile,kcarpmilen0@soup.io,Female,129.194.245.8
830,Patrizia,Willingale,pwillingalen1@sciencedaily.com,Female,208.218.157.155
831,Stephanus,Hay,shayn2@statcounter.com,Agender,198.138.24.117
832,Kipp,Dronsfield,kdronsfieldn3@blinklist.com,Female,202.80.168.140
833,Normy,Botfield,nbotfieldn4@timesonline.co.uk,Male,60.184.38.126
834,Bradford,Lezemere,blezemeren5@vinaora.com,Male,202.97.193.125
835,Gwenneth,Dinnies,gdinniesn6@washingtonpost.com,Female,185.177.131.240
836,Xenos,Bisco,xbiscon7@prlog.org,Male,7.42.249.194
837,Wenonah,Morriss,wmorrissn8@mail.ru,Female,180.235.254.101
838,Adela,Leheude,aleheuden9@liveinternet.ru,Female,6.118.242.129
839,Lorelle,Bonallick,lbonallickna@apple.com,Female,151.80.13.132
840,Farlie,Revey,freveynb@nhs.uk,Male,51.124.121.108
841,Kippy,Bouldstridge,kbouldstridgenc@is.gd,Male,65.106.106.149
842,Eden,Steckings,esteckingsnd@comsenz.com,Female,231.210.11.120
843,Berne,Mulberry,bmulberryne@storify.com,Male,178.132.44.162
844,Annice,Windeatt,awindeattnf@issuu.com,Female,8.71.87.74
845,Prescott,Trinkwon,ptrinkwonng@nps.gov,Male,221.252.80.131
846,Allsun,Karpf,akarpfnh@jalbum.net,Female,106.229.236.166
847,Billie,Hayford,bhayfordni@bizjournals.com,Male,45.63.221.71
848,Denver,Itzhaki,ditzhakinj@aol.com,Non-binary,71.6.161.104
849,Randolf,Britto,rbrittonk@deviantart.com,Male,20.247.199.44
850,Nial,Scade,nscadenl@hud.gov,Male,155.169.2.42
851,Cleopatra,Warwick,cwarwicknm@weebly.com,Female,208.61.149.192
852,Lynett,Sallter,lsallternn@hubpages.com,Female,179.223.85.208
853,Jonie,Jenny,jjennyno@altervista.org,Female,66.3.197.109
854,Roselle,Bruckshaw,rbruckshawnp@admin.ch,Female,105.107.146.101
855,Thayne,Ruddiman,truddimannq@umich.edu,Male,66.54.146.36
856,Garv,Robeson,grobesonnr@goo.gl,Male,36.49.196.163
857,Mabel,Treven,mtrevenns@sakura.ne.jp,Female,149.160.43.127
858,Shirlene,Wallis,swallisnt@bing.com,Female,69.251.106.124
859,Clarine,Self,cselfnu@smugmug.com,Female,133.240.45.63
860,Parker,Roder,prodernv@barnesandnoble.com,Male,98.25.224.166
861,Ange,Engledow,aengledownw@arizona.edu,Male,115.187.177.87
862,Berti,Allsopp,ballsoppnx@mac.com,Male,147.59.25.145
863,Shay,Maddox,smaddoxny@microsoft.com,Female,130.114.58.44
864,Madalyn,Sheryne,msherynenz@archive.org,Female,224.39.214.34
865,Rhea,Tissell,rtissello0@feedburner.com,Female,35.88.77.149
866,Regan,Espina,respinao1@discovery.com,Male,62.247.41.209
867,Othilie,Sommerlin,osommerlino2@vkontakte.ru,Female,151.189.247.158
868,Ric,Pledge,rpledgeo3@fda.gov,Male,63.12.205.51
869,Perren,Decort,pdecorto4@symantec.com,Male,153.254.139.116
870,Lynnell,Pina,lpinao5@google.ca,Female,17.15.99.97
871,West,Francescoccio,wfrancescoccioo6@nsw.gov.au,Male,43.24.173.81
872,Walden,Itzhaki,witzhakio7@liveinternet.ru,Male,156.204.189.244
873,Yasmeen,Scatcher,yscatchero8@unblog.fr,Female,127.223.72.70
874,Pepito,Merck,pmercko9@posterous.com,Male,169.4.231.165
875,Damon,Bracher,dbracheroa@ustream.tv,Male,13.126.8.171
876,Gisella,Upstone,gupstoneob@mapquest.com,Female,99.113.244.72
877,Sheppard,Gimbart,sgimbartoc@blogs.com,Male,4.13.146.122
878,Dorolisa,Keal,dkealod@stanford.edu,Female,217.221.92.3
879,Natalina,Andrejs,nandrejsoe@cnet.com,Female,47.227.100.66
880,Sianna,Harce,sharceof@digg.com,Female,55.244.168.44
881,Eli,Madelin,emadelinog@rediff.com,Male,235.139.228.122
882,Cal,Chaulk,cchaulkoh@nyu.edu,Female,128.63.207.30
883,Celisse,Serginson,cserginsonoi@wired.com,Female,54.120.219.80
884,Jacquenetta,Gowanlock,jgowanlockoj@tuttocitta.it,Female,211.241.124.197
885,Brear,Robottham,brobotthamok@baidu.com,Female,72.147.38.97
886,Georges,Dagworthy,gdagworthyol@msn.com,Male,109.231.50.119
887,Perceval,McIver,pmciverom@usgs.gov,Male,60.100.61.243
888,Valma,Prosek,vprosekon@nih.gov,Female,167.122.226.53
889,Cassondra,Frith,cfrithoo@google.co.jp,Female,55.56.41.148
890,Ginni,Gudahy,ggudahyop@slate.com,Female,43.213.201.115
891,Jarib,Mifflin,jmifflinoq@linkedin.com,Male,177.254.55.196
892,Paton,Huston,phustonor@jalbum.net,Male,132.89.254.24
893,Jocko,Gailor,jgailoros@ed.gov,Male,72.197.10.92
894,Dorolisa,Lygoe,dlygoeot@bizjournals.com,Female,1.76.15.76
895,Ethan,Kowal,ekowalou@sina.com.cn,Male,36.1.250.179
896,Ailina,Girod,agirodov@hud.gov,Female,75.241.106.226
897,Rayshell,Gyurkovics,rgyurkovicsow@bloglovin.com,Female,145.154.179.69
898,D'arcy,Bodechon,dbodechonox@kickstarter.com,Male,99.163.168.115
899,Dominic,Lorenzin,dlorenzinoy@geocities.jp,Male,203.89.61.53
900,Harlie,Whitechurch,hwhitechurchoz@blogger.com,Female,96.24.164.161
901,Aloin,Hostan,ahostanp0@eventbrite.com,Male,132.73.109.29
902,Kit,Beddis,kbeddisp1@cmu.edu,Female,135.161.107.75
903,Waldemar,Kubanek,wkubanekp2@furl.net,Male,200.158.124.36
904,Wash,Cours,wcoursp3@rediff.com,Male,144.155.41.186
905,Emilia,Necolds,enecoldsp4@feedburner.com,Female,224.113.90.177
906,Ariana,Damerell,adamerellp5@yandex.ru,Female,103.117.141.244
907,Selby,Petkovic,spetkovicp6@slashdot.org,Male,191.153.219.38
908,Elonore,Pechan,epechanp7@stumbleupon.com,Female,8.116.164.167
909,Annabelle,Wingate,awingatep8@ameblo.jp,Female,36.124.120.217
910,Glenden,McGreal,gmcgrealp9@shinystat.com,Male,79.251.99.51
911,Mina,Oakeshott,moakeshottpa@msn.com,Female,68.42.18.117
912,Khalil,New,knewpb@ted.com,Male,78.62.193.18
913,Addy,Villar,avillarpc@issuu.com,Female,23.186.46.156
914,Nick,MacCawley,nmaccawleypd@joomla.org,Male,52.95.54.101
915,Pearle,Moreman,pmoremanpe@sakura.ne.jp,Female,164.138.157.12
916,Leonie,Grindall,lgrindallpf@bravesites.com,Female,84.6.78.75
917,Abrahan,Bigland,abiglandpg@tiny.cc,Male,1.196.170.165
918,Timmi,Inglesfield,tinglesfieldph@over-blog.com,Female,160.136.154.206
919,Tomasine,Dalla,tdallapi@chicagotribune.com,Female,146.10.46.58
920,Immanuel,Bellsham,ibellshampj@rediff.com,Male,83.96.242.93
921,Renae,Silversmid,rsilversmidpk@lycos.com,Female,158.194.192.246
922,Jehu,Bampford,jbampfordpl@tamu.edu,Male,185.175.93.187
923,Thorstein,Katt,tkattpm@dedecms.com,Male,228.16.89.105
924,Ulrich,Fonzo,ufonzopn@bbb.org,Male,193.177.178.248
925,Conny,Portugal,cportugalpo@macromedia.com,Male,180.224.231.131
926,Jeanette,Stainton,jstaintonpp@bizjournals.com,Female,127.239.237.142
927,Jodee,de Courcey,jdecourceypq@ibm.com,Female,57.62.93.45
928,Judas,Udden,juddenpr@fc2.com,Male,98.214.165.189
929,Ashlee,Munnery,amunneryps@springer.com,Female,44.151.218.31
930,Tatum,Thompson,tthompsonpt@deviantart.com,Female,119.1.42.101
931,Arlan,Lavallie,alavalliepu@dedecms.com,Male,187.88.19.210
932,Henrie,Piffe,hpiffepv@vistaprint.com,Non-binary,8.9.215.208
933,Miran,Kermeen,mkermeenpw@aol.com,Genderfluid,25.190.248.57
934,Rubetta,Scoggin,rscogginpx@usatoday.com,Agender,188.60.149.93
935,Sadie,Bum,sbumpy@nhs.uk,Polygender,209.48.40.248
936,Caprice,Abeles,cabelespz@va.gov,Female,201.162.121.246
937,Siward,Shatliffe,sshatliffeq0@oakley.com,Male,88.11.189.69
938,Ernaline,Sheddan,esheddanq1@vkontakte.ru,Female,254.214.80.170
939,Chrissie,Camin,ccaminq2@domainmarket.com,Male,125.216.157.218
940,Noach,Proppers,nproppersq3@vkontakte.ru,Genderfluid,48.156.56.36
941,Lorin,Menzies,lmenziesq4@tinyurl.com,Male,64.184.100.233
942,Devland,Giacobillo,dgiacobilloq5@ning.com,Male,154.49.41.84
943,Marje,Odams,modamsq6@edublogs.org,Female,192.125.243.55
944,Delora,Jeannard,djeannardq7@skyrock.com,Female,19.127.239.168
945,Kass,Delete,kdeleteq8@bbc.co.uk,Female,210.218.111.157
946,Dario,Witheridge,dwitheridgeq9@wordpress.org,Male,113.209.139.0
947,Ring,Sterman,rstermanqa@vinaora.com,Male,196.192.195.197
948,Alfreda,Skill,askillqb@un.org,Female,10.183.145.96
949,Dre,Peltzer,dpeltzerqc@yellowbook.com,Female,214.156.250.101
950,Andrei,Schwant,aschwantqd@upenn.edu,Female,235.7.8.199
951,Willy,Shutt,wshuttqe@mit.edu,Male,141.190.88.110
952,Engelbert,Borleace,eborleaceqf@paypal.com,Male,166.237.239.18
953,Merry,Swindlehurst,mswindlehurstqg@businesswire.com,Male,3.170.103.230
954,Ellette,Oswick,eoswickqh@rakuten.co.jp,Female,80.11.157.142
955,Efrem,Stopp,estoppqi@bloomberg.com,Male,35.245.217.222
956,Natasha,Gladding,ngladdingqj@go.com,Female,42.8.230.166
957,Hew,Krikorian,hkrikorianqk@creativecommons.org,Non-binary,160.150.60.144
958,Malorie,Handscombe,mhandscombeql@pbs.org,Female,91.58.30.17
959,Fernande,Jansa,fjansaqm@statcounter.com,Female,187.244.37.146
960,Jaimie,Bockh,jbockhqn@cornell.edu,Female,204.230.122.170
961,Denis,Shine,dshineqo@twitter.com,Male,124.240.37.90
962,Horatius,Willett,hwillettqp@senate.gov,Male,198.211.204.226
963,Gilda,Stanger,gstangerqq@dropbox.com,Female,191.38.130.7
964,Zacharie,Edmondson,zedmondsonqr@soundcloud.com,Male,193.36.150.4
965,Evania,Hoovart,ehoovartqs@engadget.com,Female,140.187.148.8
966,Leslie,Joder,ljoderqt@privacy.gov.au,Female,249.20.204.136
967,Peggi,Etoile,petoilequ@google.com.au,Female,173.70.203.155
968,Salvador,Pethick,spethickqv@comsenz.com,Male,88.27.87.94
969,Theadora,Fortie,tfortieqw@e-recht24.de,Female,45.195.209.70
970,Lorianna,Egerton,legertonqx@cbslocal.com,Female,238.179.153.158
971,Marco,Enstone,menstoneqy@wp.com,Male,218.182.221.65
972,Magdalene,Andree,mandreeqz@storify.com,Female,246.193.54.161
973,Cale,Janzen,cjanzenr0@arstechnica.com,Male,47.87.15.6
974,Mike,Eatock,meatockr1@tripadvisor.com,Male,34.238.144.161
975,Baily,Foltin,bfoltinr2@independent.co.uk,Male,243.46.102.204
976,Sayre,Dockree,sdockreer3@usatoday.com,Female,50.157.209.85
977,Care,Billion,cbillionr4@sciencedaily.com,Male,198.15.13.241
978,Emelia,Lomasny,elomasnyr5@blogtalkradio.com,Agender,129.116.232.230
979,Richardo,Sinnie,rsinnier6@google.it,Male,99.75.165.206
980,Nerti,Everest,neverestr7@usda.gov,Non-binary,164.30.46.202
981,Morton,McFarland,mmcfarlandr8@hp.com,Male,141.200.76.93
982,Zerk,McMickan,zmcmickanr9@163.com,Male,208.90.255.249
983,Sammy,Udall,sudallra@hatena.ne.jp,Female,81.114.46.143
984,Eli,Macura,emacurarb@yale.edu,Male,108.201.102.65
985,Donnell,Sherrard,dsherrardrc@etsy.com,Male,216.143.124.101
986,Rayner,Mattson,rmattsonrd@cornell.edu,Male,184.217.44.157
987,Sloane,Stegel,sstegelre@twitter.com,Male,106.102.131.126
988,Letizia,Stansbury,lstansburyrf@live.com,Female,113.23.203.210
989,Artus,Rebeiro,arebeirorg@digg.com,Male,244.73.71.163
990,Lee,Parfett,lparfettrh@deliciousdays.com,Male,143.71.53.66
991,Pedro,Hinge,phingeri@sciencedirect.com,Male,243.194.201.223
992,Gillan,Manhood,gmanhoodrj@plala.or.jp,Female,202.82.96.41
993,Emlyn,Piegrome,epiegromerk@dailymail.co.uk,Male,177.12.182.104
994,Perice,Katt,pkattrl@hhs.gov,Male,159.178.0.225
995,Nettie,Galgey,ngalgeyrm@blogspot.com,Female,172.5.83.9
996,Matias,Haythorne,mhaythornern@usgs.gov,Male,156.251.130.224
997,Theresa,Meakin,tmeakinro@engadget.com,Genderqueer,63.128.113.89
998,Dannel,Ryburn,dryburnrp@tinypic.com,Male,63.183.162.177
999,Alex,Sharram,asharramrq@csmonitor.com,Male,36.36.169.98
1000,Mara,Malyj,mmalyjrr@aboutads.info,Female,147.90.177.185
